/*** 设置客户端连接使用的编码 ***/
SET NAMES UTF8;
/*** 丢弃数据库ly，如果存在 ***/
DROP DATABASE IF EXISTS ttms;
/*** 创建数据库，存储的编码 ***/
CREATE DATABASE ttms CHARSET=UTF8;
/*** 进入该数据库 ***/
USE ttms;
/*** 创建管理员表 ***/
CREATE TABLE ttms_admin(
  aid        INT PRIMARY KEY AUTO_INCREMENT,
  aname      VARCHAR(32) UNIQUE COMMENT "管理员用户名", #唯一
  apwd       VARCHAR(64) COMMENT "管理员密码" #加密存储
  /*role       TINYINT COMMENT "管理员权限"*/
);
INSERT INTO ttms_admin VALUES
(NULL,"admin",PASSWORD("123456")),
(NULL,"boss",PASSWORD("999999"));
/*** 全局设置 ***/
CREATE TABLE ttms_settings(
  sid        INT PRIMARY KEY AUTO_INCREMENT,
  appName    VARCHAR(32) COMMENT "应用/店家名称",
  apiUrl     VARCHAR(64) COMMENT "数据API子系统地址",
  adminUrl   VARCHAR(64) COMMENT "管理后台子系统地址",
  appUrl     VARCHAR(64) COMMENT "顾客App子系统地址",
  icp        VARCHAR(64) COMMENT "系统备案号",
  copyright  VARCHAR(128) COMMENT "系统版权声明"
);
INSERT INTO ttms_settings VALUES
(NULL,"天天美食","http://127.0.0.1:8080","http://127.0.0.1:8081","http://127.0.0.1:8082","京ICP备12003709号-3","Copyright © 北京达内金桥科技有限公司版权所有");
/*** 桌台信息表 ***/
CREATE TABLE ttms_table(
  tid        INT PRIMARY KEY AUTO_INCREMENT,
  tname      VARCHAR(64) COMMENT "桌台昵称", #可以为空
  type       VARCHAR(16) COMMENT "桌台类型", #如3-4人
  status     INT COMMENT "当前状态"      #1空闲 2预订 3占用 0其他
);
INSERT INTO ttms_table VALUES
(1, '金镶玉', '2人桌', 1),
(2, '玉如意', '2人桌', 1),
(3, '齐天寿', '6人桌', 3),
(5, '福临门', '4人桌', 2),
(6, '全家福', '6人桌', 3),
(7, '展宏图', '2人桌', 1),
(8, '万年长', '8人桌', 1),
(9, '百事通', '4人桌', 3),
(10, '满堂彩', '10人桌', 2),
(11, '鸿运头', '8人桌', 1),
(12, '福满堂', '12人桌', 1),
(13, '高升阁', '4人桌', 3),
(15, '乐逍遥', '2人桌',3);
/*** 桌台预定表 ***/
CREATE TABLE ttms_reservation(
  rid        INT PRIMARY KEY AUTO_INCREMENT,
  contactName VARCHAR(64) COMMENT "联系人姓名",
  phone      VARCHAR(16) COMMENT "联系电话",
  contactTime BIGINT COMMENT "联系时间",
  dinnerTime  BIGINT COMMENT "用餐时间",
  tableId     INT COMMENT "预订的桌台编号",
  FOREIGN KEY(tableId) REFERENCES ttms_table(tid)
);
INSERT INTO ttms_reservation VALUES
(NULL, '丁丁', '13501234561', '1548311700000', '1549011000000', '1'),
(NULL, '当当', '13501234562', '1548311710000', '1549011100000', '1'),
(NULL, '豆豆', '13501234563', '1548311720000', '1549011200000', '2'),
(NULL, '丫丫', '13501234564', '1548311730000', '1549011300000', '2'),
(NULL, '丁丁', '13501234565', '1548311740000', '1549011400000', '3'),
(NULL, '当当', '13501234566', '1548311750000', '1549011500000', '3'),
(NULL, '豆豆', '13501234561', '1548311760000', '1549011600000', '5'),
(NULL, '丫丫', '13501234562', '1548311770000', '1549011700000', '5'),
(NULL, '丁丁', '13501234563', '1548311780000', '1549011800000', '6'),
(NULL, '当当', '13501234564', '1548311790000', '1549011900000', '6'),
(NULL, '豆豆', '13501234565', '1548311800000', '1549011000000', '7'),
(NULL, '丫丫', '13501234566', '1548311810000', '1549011100000', '8'),
(NULL, '豆豆', '13501234567', '1548311820000', '1549011200000', '9'),
(NULL, '丫丫', '13501234561', '1548311840000', '1549011300000', '10'),
(NULL, '丁丁', '13501234562', '1548311850000', '1549011400000', '10'),
(NULL, '当当', '13501234563', '1548311860000', '1549011500000', '11'),
(NULL, '豆豆', '13501234564', '1548311870000', '1549011600000', '11'),
(NULL, '丫丫', '13501234565', '1548311880000', '1549011600000', '12'),
(NULL, '豆豆', '13501234566', '1548311890000', '1549011500000', '13'),
(NULL, '当当', '13501234567', '1548311900000', '1549011300000', '13'),
(NULL, '丫丫', '13501234568', '1548311910000', '1549011200000', '15');
/*** 菜品分类表 ***/
CREATE TABLE ttms_category(
  cid        INT PRIMARY KEY AUTO_INCREMENT,
  cname      VARCHAR(32) COMMENT "类别名称"
);
INSERT INTO ttms_category VALUES
(NULL,"新品"),
(NULL,"肉类"),
(NULL,"菌菇类"),
(NULL,"海鲜"),
(NULL,"蔬菜豆制类"),
(NULL,"丸滑类");
/*** 菜品表 ***/
CREATE TABLE ttms_dish(
  did        INT PRIMARY KEY AUTO_INCREMENT, #起始id10000起
  title      VARCHAR(32) COMMENT "菜品的名称",
  imgUrl     VARCHAR(128) COMMENT "图片的地址",
  price      DECIMAL(7,2) COMMENT "菜品的价格",
  detail     VARCHAR(128) COMMENT "详细描述信息",
  categoryId INT COMMENT "所属类别的编号",
  FOREIGN KEY(categoryId) REFERENCES ttms_category(cid)
);
INSERT INTO ttms_dish VALUES
(NULL,"草鱼片","img/CE7I9470.jpg",36,"选鲜活草鱼，切出鱼片冷鲜保存。锅开后再煮1分钟左右即可食用。",2),
(NULL,"脆皮肠","img/CE7I9017.jpg",26,"锅开后再煮3分钟左右即可食用。",2),
(NULL,"酥肉","img/HGS_4760.jpg",38,"选用冷鲜五花肉，加上鸡蛋，淀粉等原料炸制，色泽黄亮，酥软醇香，肥而不腻。锅开后再煮3分钟左右即可食用。",2),
(NULL,"现炸酥肉(非清真)","img/HGS_47601.jpg",58,"选用冷鲜五花肉，加上鸡蛋，淀粉等原料炸制，色泽黄亮，酥软醇香，肥而不腻。锅开后再煮1分钟左右即可食用，也可直接食用",2),
(NULL,"牛百叶","img/CE7I9302.jpg",28,"毛肚切丝后，配以调味料腌制而成。锅开后再煮2分钟左右即可食用。",2),
(NULL,"腰花","img/CE7I9287.jpg",36,"选用大型厂家冷鲜腰花，经过解冻、清洗、切片而成。锅开后涮30秒左右即可食用。",2),
(NULL,"猪脑花","img/zhunao.jpg",26,"选用大型厂家冷鲜猪脑经过清洗，过水、撕膜而成。肉质细腻，锅开后再煮8分钟左右即可食用。",2),
(NULL,"午餐肉","img/wucanrou.jpg",25,"锅开后再煮2分钟左右即可食用。",2),
(NULL,"牛仔骨","img/1-CE7I5290.jpg",34,"牛仔骨又称牛小排，选自资质合格的厂家生产配送。锅开后再煮5分钟左右即可食用。",2),
(NULL,"新西兰羊肉卷","img/CE7I8804.jpg",39,"选用新西兰羔羊肉的前胸和肩胛为原料，在国内经过分割、压制成型，肥瘦均匀。锅开后涮30秒左右即可食用。",2),
(NULL,"捞派黄喉","img/EU0A0112.jpg",19,"黄喉主要是猪和牛的大血管，以脆爽见长，是四川火锅中的经典菜式。捞派黄喉选用猪黄喉，相比牛黄喉，猪黄喉只有30cm可用，肉质比牛黄喉薄，口感更脆。 捞派黄喉，通过去筋膜、清水浸泡15小时以上，自然去除黄喉的血水和腥味。口感脆嫩弹牙，是川味火锅的经典菜式。",2),
(NULL,"千层毛肚","img/CE7I8900.jpg",29,"选自牛的草肚，加入葱、姜、五香料一起煮熟后切片而成。五香味浓、耙软化渣。锅开后再煮3分钟左右即可食用。",2),
(NULL,"捞派脆脆毛肚","img/cuicuimaodu.jpg",35,"选自牛的草肚，采用流水清洗、撕片等工艺，加入各种调味料腌制而成。口感脆嫩，锅开后再采用“七上八下”的方法涮15秒即可食用。",2),
(NULL,"捞派嫩羊肉","img/nenyangrou.jpg",38,"羊后腿肉肉质紧实，肥肉少，以瘦肉为主；肉中夹筋，筋肉相连。肉质相比前腿肉更为细嫩，用途广，一般用于烧烤、酱制等用途。海底捞只选用生长周期达到6—8个月的草原羔羊，肉嫩筋少而膻味少。精选羔羊后腿肉，肉质紧实，瘦而不柴，再用红油腌制入味，肉香与油香充分融合，一口咬下去鲜嫩多汁、肉味十足。",2),
(NULL,"草原羔羊肉","img/CE7I6859.jpg",36,"选自内蒙锡林郭勒大草原10月龄以下羔羊，经过排酸、切割、冷冻而成。锅开后涮30秒左右即可食用。",2),
(NULL,"澳洲肥牛(和牛)","img/CE7I8871.jpg",26,"百分百澳洲牛肉的前胸部位，口感香嫩，汁浓味厚。锅开后涮30秒即可食用。",2),
(NULL,"捞派滑牛肉","img/laopaihuaniurou.jpg",56,"捞派滑牛肉使用的牛肉是大小米龙和嫩肩肉，是牛的后腿和前腿部位，最嫩的部位，形状像黄瓜，俗称：黄瓜条。每份滑牛都要经过解冻、去筋膜、分割、切片、腌制等9道复杂工序，口感滑嫩，久煮不老，是海底捞必点菜品。",2),
(NULL,"血旺","img/CE7I68261.jpg",10,"选用资质合格的厂家配送。锅开后再煮5分钟左右即可食用。",2),
(NULL,"捞派肥牛","img/CE7I69031.jpg",16,"肥牛是经过排酸处理后切成薄片的牛肉。排酸是指通过一定的温度、湿度、风速的环境下使牛的肌肉纤维发生变化，其口感更细腻、化渣。海底捞的捞派肥牛，精选谷饲100天以上的牛，自然块分割，肉味十足，久涮不淡。",2),
(NULL,"捞派鸭肠","img/yachang.jpg",12,"火锅三宝之一。鸭肠，具有韧性。口感脆爽有嚼劲，是火锅中经常用到的食材。 捞派鸭肠，选用资质和证件齐全的屠宰场鸭肠。经过掏肠、去大油、结石、抛肠、清洗、刀工去小油、清洗等步骤，确保每根鸭肠无杂物。捞派鸭肠口感自然脆爽，下锅涮食20-25秒左右即可食用。",2),
(NULL,"捞派毛肚","img/CE7I6805.jpg",18,"选自牛的草肚，采用流水清洗、撕片等工艺，加入葱姜、料酒、花椒浸泡而成。口感脆嫩，锅开后涮10-15秒即可食用。",2),
(NULL,"羊排卷","img/CE7I6926.jpg",28,"甄选12月龄以下放牧羔羊，以肥瘦相间的腹肉部位加工而成。口感细嫩化渣，锅开后涮30秒左右即可食用。",2),
(NULL,"手切羊肉","img/CE7I8833.jpg",28,"甄选12月龄以下羔羊后腿以及羊霖，经过切配、装盘而成。锅开后再煮1分钟左右即可食用。",2),
(NULL,"罗非鱼","img/lfy-seafood-haidilao.jpg",26,"来自海拔1500米的云南高原深水罗非鱼，沐浴北回归线上的阳光，肉质鲜美嫩滑，余味悠长。",1),
(NULL,"手切笋","img/sqs-veg-haidilao.jpg",26,"来自福建、安徽、湖北等地大山深处的毛竹笋，具有质嫩、色白、清脆、味甜的特性，竹林都在海拔 300-500 米以上的高山上，没有工业化污染。",1),
(NULL,"青笋","img/HGS_50231.jpg",8,"经过去泥、挑选、去皮、清洗、切配、装盘而成。口感清脆，锅开后再煮4分钟左右即可食用",3),
(NULL,"有机香菇","img/CE7I94283.jpg",10,"经过挑选、清洗、装盘而成。锅开后再煮2分钟左右即可食用",3),
(NULL,"杏鲍菇","img/CE7I6062.jpg",11,"经过挑选、清洗、切配、装盘而成。锅开后再煮3分钟左右即可食用",3),
(NULL,"椎茸","img/CE7I6119.jpg",10,"经过清洗、切配、装盘而成。锅开后再煮4分钟左右即可食用",3),
(NULL,"木耳","img/CE7I9160.jpg",10,"经过浸泡、挑选、装盘而成。锅开后再煮3分钟左右即可食用",3),
(NULL,"平菇","img/CE7I91821.jpg",13,"经过挑选、清洗、装盘而成。脆嫩而肥厚，锅开后再煮5分钟左右即可食用",3),
(NULL,"竹荪","img/CE7I9244_1.jpg",13,"野生竹荪，口感爽滑、脆嫩，开锅后煮3分钟左右即可食用",3),
(NULL,"香菇","img/CE7I94282.jpg",12,"经过挑选、清洗、切配、装盘而成。锅开后再煮5分钟左右即可食用",3),
(NULL,"金针菇","img/CE7I67341.jpg",10,"经过挑选、清洗、装盘而成。菌盖滑嫩、清脆，锅开后再煮2分钟左右即可食用。",3),
(NULL,"冻虾","img/CE7I7004.jpg",20,"将活虾冷冻而成。肉质脆嫩，锅开后再煮4分钟左右即可食用。",4),
(NULL,"活虾","img/CE7I5749.jpg",21,"选自广东湛江、北海区域南美白虾，清洗干净装盘，锅开后再煮2分钟左右即可食用。",4),
(NULL,"青斑","img/CE7I6489.jpg",25,"经过宰杀、去内脏、清洗、装盘而成。锅开后鱼片煮1分钟左右，鱼头、鱼排煮4分钟即可食用。",4),
(NULL,"花鲢鱼头","img/CE7I5652.jpg",26,"选鲜活花鲢鱼，取头冷鲜保存。锅开后再煮5分钟左右即可食用。",4),
(NULL,"鱿鱼须","img/CE7I95091.jpg",30,"选用鱿鱼触角，速冻保鲜。锅开后再煮5分钟左右即可食用",4),
(NULL,"大闸蟹","img/CE7I5902.jpg",58,"大闸蟹是一种经济蟹类，又称河蟹、毛蟹、清水蟹、大闸蟹或螃蟹，顾客可根据情况选择生、熟两种大闸蟹，生的大闸蟹，锅开后再煮8分钟左右即可食用",4),
(NULL,"蛎蝗","img/CE7I5772.jpg",28,"经过宰杀、去内脏、清洗、装盘后上桌。锅开后再煮4-5分钟左右即可食用。",4),
(NULL,"北极贝","img/CE7I5767.jpg",26,"北极贝是源自北大西洋冰冷深海的一种贝类，肉质肥美，锅开后再煮4分钟左右即可食用",4),
(NULL,"带鱼","img/CE7I5786.jpg",22,"带鱼又叫刀鱼、牙带鱼，其肉厚刺少，锅开后再煮5分钟左右即可食用",4),
(NULL,"油蛤","img/CE7I6479.jpg",20,"经过宰杀、去内脏、清洗、装盘而成。锅开后再煮4分钟左右即可食用。",4),
(NULL,"黑头鱼","img/CE7I6550.jpg",38,"俗名猪嘴鱼，齿小而鳃耙多且长，门店经过宰杀、去内脏、清洗后装盘上桌，锅开后再煮6分钟左右即可食用。",4),
(NULL,"油条虾","img/CE7I5265.jpg",28,"油条炸制后，裹入虾滑而成。将油条的香味和虾滑的脆嫩结合在一起，锅开后再煮3分钟左右即可食用。",4),
(NULL,"生蚝","img/CE7I5816.jpg",28,"经过宰杀、去内脏、清洗、装盘而成。海鲜味浓郁，锅开后再煮1分钟左右即可食用。",4),
(NULL,"扇贝","img/CE7I5844.jpg",28,"鲜活扇贝，餐前宰杀后上桌。锅开后再煮4分钟左右即可食用。",4),
(NULL,"包心生菜","img/baocai.jpg",8,"经过挑选、清洗、装盘而成。口感清香，锅开后再煮1分钟左右即可食用",5),
(NULL,"土豆","img/tudou1.jpg",8,"经过去泥、挑选、去皮、清洗、切配、装盘而成。锅开后再煮4分钟左右即可食用",5),
(NULL,"山药","img/shanyao1.jpg",10,"经过去泥、挑选、去皮、清洗、切配、装盘而成。锅开后再煮3分钟左右即可食用。",5),
(NULL,"冬瓜","img/donggua1.jpg",8,"经过去泥、挑选、去皮、清洗、切配、装盘而成。锅开后再煮1分钟即可食用，不宜久煮，否则会煮溶",5),
(NULL,"红薯","img/CE7I90561.jpg",8,"经过去泥、挑选、去皮、清洗、切配、装盘而成。口感香甜，锅开后再煮4分钟左右即可食用",5),
(NULL,"大白菜","img/CE7I92592.jpg",8,"经过挑选、清洗、切配、装盘而成，锅开后再煮2分钟左右即可食用",5),
(NULL,"娃娃菜","img/CE7I66901.jpg",8,"通过挑选、清洗、切配、装盘而成，易吸收锅底汤汁，锅开后再煮2分钟左右即可食用",5),
(NULL,"油豆腐皮","img/HGS_4813.jpg",8,"切段、装盘，锅开后涮30秒左右即可食用",5),
(NULL,"炸豆衣","img/CE7I9203.jpg",8,"鲜豆皮酿制，豆香味浓郁，锅开后涮30秒左右即可食用",5),
(NULL,"捞派豆花","img/CE7I88463.jpg",8,"采用优质大豆磨浆，经传统手工工艺压制而成。锅开后再煮5分钟左右即可食用。配上豆花蘸碟，口味更突出",5),
(NULL,"手切笋","img/sqs-veg-haidilao1.jpg",8,"来自福建、安徽、湖北等地大山深处的毛竹笋，具有质嫩、色白、清脆、味甜的特性，竹林都在海拔 300-500 米以上的高山上，没有工业化污染",5),
(NULL,"兆湛撒尿牛肉丸","img/EU0A0225.jpg",28,"选用牛后腿部位牛霖，经过排酸、绞碎、搅打成的牛肉滑，捏成丸子后，里面裹入用老鸡、火腿等精心熬制的汤冻。锅开后浮起来再煮3分钟左右即可食用。配上丸滑蘸碟，风味更突出。撒尿牛丸中心汤汁温度较高，吃时小心被汤汁烫到",6),
(NULL,"西式牛肉滑","img/CE7I90102.jpg",26,"选用牛后腿部位，经过排酸、绞碎、搅打而成的牛肉滑，放入香菇、芹菜粒等原料，配以蛋黄。开锅后由服务员搅拌均匀、做成小丸下入，浮起来再煮3分钟左右即可食用。配上丸滑蘸碟，风味更突出",6),
(NULL,"丸类组合","img/1-CE7I89341.jpg",30,"由多种丸类组合而成。锅开后浮起来再煮3分钟左右即可食用。配上丸滑蘸碟，风味更突出",6),
(NULL,"手工墨鱼丸","img/1-CE7I89202.jpg",28,"墨鱼经破碎、搅拌等工艺，再配以秘制调料混合而成。锅开后再浮起来再煮3分钟即可食用。配上丸滑蘸碟，风味更突出",6),
(NULL,"精品肉丸","img/CE7I89881.jpg",28,"选自资质合格的厂家。锅开后浮起来后再煮3分钟左右即可食用",6),
(NULL,"贝柱滑","img/CE7I89511.jpg",35,"选用海湾贝肉打成滑，加上各种调料手工搅打起胶后再拼回贝壳。锅开后再煮3分钟左右即可食用，配上丸滑蘸碟，风味更突出",6);
/*** 订单表 ***/
CREATE TABLE ttms_order(
  oid        INT PRIMARY KEY AUTO_INCREMENT,
  startTime  BIGINT COMMENT "开始用餐时间",
  endTime    BIGINT COMMENT "用餐结束时间",
  customerCount INT COMMENT "用餐人数",
  tableId    INT COMMENT "桌台编号",
  FOREIGN KEY(tableId) REFERENCES ttms_table(tid)
);
INSERT INTO ttms_order VALUES
(100000, '1547800000000', '1547814918000', '2', '1'),
(NULL, '1547801000000', '1547824918000', '4', '2'),
(NULL, '1547802000000', '1547834918000', '3', '3'),
(NULL, '1547803000000', '1547844918000', '5', '5'),
(NULL, '1547804000000', '1547854918000', '8', '6'),
(NULL, '1547805000000', '1547864918000', '2', '7'),
(NULL, '1547806000000', '1547874918000', '1', '8'),
(NULL, '1547807000000', '1547884918000', '2', '9'),
(NULL, '1547808000000', '1547894918000', '6', '10'),
(NULL, '1547809000000', '1547804918000', '3', '11'),
(NULL, '1547800000000', '1547814918000', '10', '12'),
(NULL, '1547801000000', '1547824918000', '2', '13'),
(NULL, '1547802000000', '1547834918000', '4', '15'),
(NULL, '1547800000000', '1547814918000', '2', '1'),
(NULL, '1547801000000', '1547824918000', '4', '2'),
(NULL, '1547802000000', '1547834918000', '3', '3'),
(NULL, '1547803000000', '', '5', '5'),
(NULL, '1547804000000', '1547854918000', '8', '6'),
(NULL, '1547805000000', '', '2', '7'),
(NULL, '1547806000000', '1547874918000', '1', '8'),
(NULL, '1547807000000', '1547884918000', '2', '9'),
(NULL, '1547808000000', '', '6', '10'),
(NULL, '1547809000000', '1547804918000', '3', '11'),
(NULL, '1547800000000', '', '10', '12'),
(NULL, '1547801000000', '1547824918000', '2', '13'),
(NULL, '1547802000000', '', '4', '15');
/*** 订单详情表 ***/
CREATE TABLE ttms_order_detail(
  did        INT PRIMARY KEY AUTO_INCREMENT,
  dishId     INT COMMENT "菜品编号",
  dishCount  INT COMMENT "菜品数量",
  customerName  VARCHAR(64) COMMENT "点餐用户的称呼",
  orderId    INT COMMENT "订单编号",
  FOREIGN KEY(dishId) REFERENCES ttms_dish(did),
  FOREIGN KEY(orderId) REFERENCES ttms_order(oid)
);
INSERT INTO ttms_order_detail VALUES
(NULL, '50', '2', '丁丁', '100000'),
(NULL, '24', '2', '丁丁', '100001'),
(NULL, '37', '1', '当当', '100002'),
(NULL, '18', '3', '豆豆', '100003'),
(NULL, '22', '1', '丫丫', '100004'),
(NULL, '21', '2', '丁丁', '100005'),
(NULL, '36', '1', '当当', '100006'),
(NULL, '1', '2', '豆豆', '100007'),
(NULL, '3', '2', '丫丫', '100008'),
(NULL, '11', '2', '丁丁', '100000'),
(NULL, '14', '2', '丁丁', '100001'),
(NULL, '27', '1', '当当', '100002'),
(NULL, '8', '3', '豆豆', '100003'),
(NULL, '42', '1', '丫丫', '100004'),
(NULL, '11', '2', '丁丁', '100005'),
(NULL, '16', '1', '当当', '100006'),
(NULL, '1', '2', '豆豆', '100007'),
(NULL, '3', '2', '丫丫', '100008'),
(NULL, '15', '2', '丁丁', '100009'),
(NULL, '4', '1', '当当', '100010'),
(NULL, '12', '3', '豆豆', '100011'),
(NULL, '9', '1', '丫丫', '100012'),
(NULL, '33', '2', '丁丁', '100013'),
(NULL, '24', '1', '当当', '100014'),
(NULL, '30', '3', '豆豆', '100015'),
(NULL, '20', '2', '丫丫', '100016'),
(NULL, '16', '4', '当当', '100017'),
(NULL, '8', '2', '丫丫', '100018'),
(NULL, '6', '2', '丁丁', '100019'),
(NULL, '5', '1', '当当', '100020'),
(NULL, '29', '1', '豆豆', '100021'),
(NULL, '27', '1', '丫丫', '100022'),
(NULL, '19', '5', '丁丁', '100023'),
(NULL, '16', '1', '当当', '100024'),
(NULL, '11', '1', '豆豆', '100025'),
(NULL, '8', '2', '丫丫', '100016'),
(NULL, '16', '1', '当当', '100017'),
(NULL, '2', '3', '丫丫', '100018'),
(NULL, '1', '2', '丁丁', '100019'),
(NULL, '3', '1', '当当', '100020'),
(NULL, '29', '2', '豆豆', '100021'),
(NULL, '8', '1', '丫丫', '100022'),
(NULL, '7', '4', '丁丁', '100023'),
(NULL, '16', '6', '当当', '100024'),
(NULL, '28', '3', '豆豆', '100025'),
(NULL, '2', '3', '丫丫', '100018'),
(NULL, '42', '2', '丁丁', '100019'),
(NULL, '11', '1', '当当', '100020'),
(NULL, '19', '2', '豆豆', '100021'),
(NULL, '17', '1', '丫丫', '100022'),
(NULL, '12', '4', '丁丁', '100023'),
(NULL, '35', '6', '当当', '100024'),
(NULL, '31', '3', '豆豆', '100025'),
(NULL, '1', '3', '丫丫', '100018'),
(NULL, '2', '1', '丁丁', '100019'),
(NULL, '3', '1', '当当', '100020'),
(NULL, '32', '4', '丁丁', '100023'),
(NULL, '47', '6', '当当', '100024'),
(NULL, '41', '3', '豆豆', '100025'),
(NULL, '2', '3', '丫丫', '100018'),
(NULL, '42', '2', '丁丁', '100019'),
(NULL, '43', '1', '当当', '100020'),
(NULL, '44', '2', '豆豆', '100021'),
(NULL, '48', '1', '丫丫', '100022'),
(NULL, '46', '4', '丁丁', '100023'),
(NULL, '49', '2', '当当', '100024'),
(NULL, '40', '3', '豆豆', '100025'),
(NULL, '31', '1', '丫丫', '100022'),
(NULL, '37', '2', '丁丁', '100023'),
(NULL, '7', '1', '当当', '100024'),
(NULL, '10', '3', '豆豆', '100025'),
(NULL, '39', '1', '丫丫', '100022'),
(NULL, '32', '2', '丁丁', '100023'),
(NULL, '35', '2', '丁丁', '100023'),
(NULL, '9', '1', '当当', '100024'),
(NULL, '50', '3', '豆豆', '100025'),
(NULL, '39', '1', '丫丫', '100022'),
(NULL, '4', '2', '丁丁', '100023'),
(NULL, '31', '2', '丁丁', '100023'),
(NULL, '7', '1', '当当', '100024'),
(NULL, '30', '3', '豆豆', '100025'),
(NULL, '32', '1', '丫丫', '100022'),
(NULL, '41', '2', '丁丁', '100023'),
(NULL, '17', '1', '当当', '100024'),
(NULL, '20', '3', '豆豆', '100025'),
(NULL, '3', '1', '丫丫', '100022'),
(NULL, '4', '2', '丁丁', '100023'),
(NULL, '8', '1', '当当', '100024'),
(NULL, '29', '3', '豆豆', '100025');